{"cameraMode":{"drawMode":0,"name":"Shaded","section":"Shading Mode"},"sceneLighting":true,"audioPlay":false,"sceneViewState":{"showFog":true,"showMaterialUpdate":false,"showSkybox":true,"showFlares":true,"showImageEffects":true,"showParticleSystems":true},"in2DMode":false,"pivot":{"x":14.514896392822266,"y":-13.233129501342774,"z":34.662391662597659},"rotation":{"x":0.39639556407928469,"y":0.11955701559782028,"z":-0.052156999707221988,"w":0.9087721705436707},"size":44.09545135498047,"orthographic":false}